{"accuracy_train": 0.027538726333907058, "precision_train": 0.004140545660115613, "recall_train": 0.01010498687664042, "f1_train": 0.004330954366090134, "accuracy_test": 0.016129032258064516, "precision_test": 0.0004432624113475177, "recall_test": 0.010638297872340425, "f1_test": 0.0008510638297872339, "accuracy_validation": 0.016, "precision_validation": 0.0003076923076923077, "recall_validation": 0.006666666666666666, "f1_validation": 0.0005882352941176471}