{"accuracy_train": 0.375, "precision_train": 0.38800281881290444, "recall_train": 0.3455755153084227, "f1_train": 0.33523038103756825, "accuracy_test": 0.4578313253012048, "precision_test": 0.4865467086519718, "recall_test": 0.4479293353705119, "f1_test": 0.41573246842596684, "accuracy_validation": 0.3132530120481928, "precision_validation": 0.3883380018674137, "recall_validation": 0.33140350877192987, "f1_validation": 0.29954527265451636}