{"accuracy_train": 0.37005163511187605, "precision_train": 0.386640556447298, "recall_train": 0.33733494219652016, "f1_train": 0.3191384925365461, "accuracy_test": 0.3548387096774194, "precision_test": 0.3665823211875843, "recall_test": 0.33675925925925926, "f1_test": 0.31504578754578755, "accuracy_validation": 0.296, "precision_validation": 0.37285714285714283, "recall_validation": 0.31223510466988724, "f1_validation": 0.2707067341043}