{"accuracy_train": 0.025817555938037865, "precision_train": 0.004619402293166858, "recall_train": 0.010053981106612684, "f1_train": 0.005015766147712528, "accuracy_test": 0.016129032258064516, "precision_test": 0.00017969451931716083, "recall_test": 0.009523809523809525, "f1_test": 0.00035273368606701937, "accuracy_validation": 0.008, "precision_validation": 9.448223733938019e-05, "recall_validation": 0.01020408163265306, "f1_validation": 0.00018723085564501028}