{"training_duration": 26.359357357025146, "RMSE_loss_train": 0.610575795173645, "RMSE_loss_val": 0.3657512962818146, "RMSE_loss_test": 0.3147788643836975, "R_squared_train": 0.5244513750076294, "R_squared_val": 0.5320171117782593, "R_squared_test": 0.5444532632827759, "inference_latency": 0.00022684472768524222}