{"training_duration": 4.607939004898071, "RMSE_loss_train": 151.53465270996094, "RMSE_loss_val": 56.249786376953125, "RMSE_loss_test": 136.7751007080078, "R_squared_train": 0.9911789298057556, "R_squared_val": 0.9939518570899963, "R_squared_test": 0.9932375550270081, "inference_latency": 3.469833588025656e-05}