{"accuracy_train": 0.33218588640275387, "precision_train": 0.425956479904969, "recall_train": 0.31544494438195225, "f1_train": 0.3358217325305435, "accuracy_test": 0.008064516129032258, "precision_test": 0.004807692307692308, "recall_test": 0.004807692307692308, "f1_test": 0.004807692307692308, "accuracy_validation": 0.008, "precision_validation": 0.00025138260432378077, "recall_validation": 0.0028490028490028487, "f1_validation": 0.00046200046200046204}