{"accuracy_train": 0.28055077452667815, "precision_train": 0.44988559455318455, "recall_train": 0.2956718719876615, "f1_train": 0.32935828588537003, "accuracy_test": 0.024193548387096774, "precision_test": 0.008732813080639168, "recall_test": 0.01282051282051282, "f1_test": 0.0060617081893677635, "accuracy_validation": 0.008, "precision_validation": 9.881422924901186e-05, "recall_validation": 0.008695652173913044, "f1_validation": 0.00019540791402051784}