{"accuracy_train": 0.516566265060241, "precision_train": 0.6050787159339791, "recall_train": 0.5009975155617459, "f1_train": 0.5116959622829017, "accuracy_test": 0.3493975903614458, "precision_test": 0.44696969696969696, "recall_test": 0.3582181054239878, "f1_test": 0.33735836093730837, "accuracy_validation": 0.25301204819277107, "precision_validation": 0.23287566742944316, "recall_validation": 0.2866666666666666, "f1_validation": 0.22538484576220422}