{"accuracy_train": 0.5215146299483648, "precision_train": 0.6513274688029576, "recall_train": 0.4983190077014906, "f1_train": 0.5117840080711368, "accuracy_test": 0.3870967741935484, "precision_test": 0.4080060776063581, "recall_test": 0.3778240740740741, "f1_test": 0.34844567855681835, "accuracy_validation": 0.28, "precision_validation": 0.3210210308379645, "recall_validation": 0.2968566827697262, "f1_validation": 0.2554717683749942}