{"training_duration": 18.301209211349487, "RMSE_loss_train": 0.5160370469093323, "RMSE_loss_val": 0.41745471954345703, "RMSE_loss_test": 0.31747880578041077, "R_squared_train": 0.5980831384658813, "R_squared_val": 0.465861976146698, "R_squared_test": 0.5405459403991699, "inference_latency": 0.00015749749751591642}