{"accuracy_train": 0.07401032702237521, "precision_train": 0.045979063240340415, "recall_train": 0.0732841719683825, "f1_train": 0.04636963729413045, "accuracy_test": 0.016129032258064516, "precision_test": 0.00341235632183908, "recall_test": 0.011494252873563218, "f1_test": 0.0052177858439201455, "accuracy_validation": 0.0, "precision_validation": 0.0, "recall_validation": 0.0, "f1_validation": 0.0}