{"accuracy_train": 0.043029259896729774, "precision_train": 0.021066727903804493, "recall_train": 0.04705818022747156, "f1_train": 0.023006120261001718, "accuracy_test": 0.0, "precision_test": 0.0, "recall_test": 0.0, "f1_test": 0.0, "accuracy_validation": 0.024, "precision_validation": 0.004427609427609428, "recall_validation": 0.013636363636363636, "f1_validation": 0.00625466487535453}