{"accuracy_train": 0.7452667814113597, "precision_train": 0.7752389692040957, "recall_train": 0.7370748911089583, "f1_train": 0.7492220081605225, "accuracy_test": 0.4274193548387097, "precision_test": 0.4314727502227503, "recall_test": 0.417037037037037, "f1_test": 0.41969068506859264, "accuracy_validation": 0.352, "precision_validation": 0.3578300938664793, "recall_validation": 0.3632979066022544, "f1_validation": 0.3527237885453669}