{"accuracy_train": 0.6340361445783133, "precision_train": 0.684001529144957, "recall_train": 0.6216770903114776, "f1_train": 0.6342197376673046, "accuracy_test": 0.39759036144578314, "precision_test": 0.41887878787878785, "recall_test": 0.4188464476699771, "f1_test": 0.38419047619047614, "accuracy_validation": 0.27710843373493976, "precision_validation": 0.30931108675354196, "recall_validation": 0.295438596491228, "f1_validation": 0.2642386185243327}