{"accuracy_train": 0.5524956970740104, "precision_train": 0.5869393338143339, "recall_train": 0.5379792657339207, "f1_train": 0.5446519813429662, "accuracy_test": 0.3870967741935484, "precision_test": 0.37989491691104593, "recall_test": 0.3913888888888889, "f1_test": 0.37215319465773183, "accuracy_validation": 0.288, "precision_validation": 0.28079849012775837, "recall_validation": 0.3009436392914654, "f1_validation": 0.27513506101741403}