{"accuracy_train": 0.024096385542168676, "precision_train": 0.0002034796165157205, "recall_train": 0.0066929133858267716, "f1_train": 0.00039273911136443067, "accuracy_test": 0.016129032258064516, "precision_test": 0.00043421623968736427, "recall_test": 0.010638297872340425, "f1_test": 0.0008343763037129744, "accuracy_validation": 0.0, "precision_validation": 0.0, "recall_validation": 0.0, "f1_validation": 0.0}