{"accuracy_train": 0.4066265060240964, "precision_train": 0.5076636648397245, "recall_train": 0.3941318517504125, "f1_train": 0.3743120794854551, "accuracy_test": 0.20481927710843373, "precision_test": 0.351981351981352, "recall_test": 0.2369774637127578, "f1_test": 0.2016808976464149, "accuracy_validation": 0.3493975903614458, "precision_validation": 0.3254901960784314, "recall_validation": 0.36871345029239766, "f1_validation": 0.3212653977670663}