{"accuracy_train": 0.024096385542168676, "precision_train": 0.001703778677462888, "recall_train": 0.005668016194331983, "f1_train": 0.0017846814839296045, "accuracy_test": 0.016129032258064516, "precision_test": 0.00016317206494248184, "recall_test": 0.009708737864077669, "f1_test": 0.00032095001203562545, "accuracy_validation": 0.008, "precision_validation": 8.520064752492119e-05, "recall_validation": 0.010309278350515464, "f1_validation": 0.00016900456312320434}